{"cameraMode":{"drawMode":0,"name":"Shaded","section":"Shading Mode"},"sceneLighting":false,"audioPlay":false,"sceneViewState":{"m_AlwaysRefresh":false,"showFog":true,"showSkybox":false,"showFlares":true,"showImageEffects":true,"showParticleSystems":true,"showVisualEffectGraphs":true,"m_FxEnabled":true},"in2DMode":false,"pivot":{"x":0.22372502088546754,"y":0.9265847206115723,"z":0.01898404024541378},"rotation":{"x":0.07061479240655899,"y":-0.8652050495147705,"z":0.12730494141578675,"w":0.47983554005622866},"size":2.1213202476501467,"orthographic":false}