{"cameraMode":{"drawMode":0,"name":"Shaded","section":"Shading Mode"},"sceneLighting":false,"audioPlay":false,"sceneViewState":{"m_AlwaysRefresh":false,"showFog":true,"showSkybox":false,"showFlares":true,"showImageEffects":true,"showParticleSystems":true,"showVisualEffectGraphs":true,"m_FxEnabled":true},"in2DMode":false,"pivot":{"x":1.147205114364624,"y":0.4192964434623718,"z":-0.2718632221221924},"rotation":{"x":0.09086763113737107,"y":-0.5587553977966309,"z":0.06176869198679924,"w":0.8220100402832031},"size":1.2247449159622193,"orthographic":false}