{"cameraMode":{"drawMode":0,"name":"Shaded","section":"Shading Mode"},"sceneLighting":false,"audioPlay":false,"sceneViewState":{"m_AlwaysRefresh":false,"showFog":true,"showSkybox":false,"showFlares":true,"showImageEffects":true,"showParticleSystems":true,"showVisualEffectGraphs":true,"m_FxEnabled":true},"in2DMode":false,"pivot":{"x":0.42237016558647158,"y":0.2469053864479065,"z":1.2065057754516602},"rotation":{"x":-0.23515379428863526,"y":-0.7263709902763367,"z":0.2987838685512543,"w":-0.5727277398109436},"size":0.28867512941360476,"orthographic":false}