{"cameraMode":{"drawMode":0,"name":"Shaded","section":"Shading Mode"},"sceneLighting":false,"audioPlay":false,"sceneViewState":{"m_AlwaysRefresh":false,"showFog":true,"showSkybox":false,"showFlares":true,"showImageEffects":true,"showParticleSystems":true,"showVisualEffectGraphs":true,"m_FxEnabled":true},"in2DMode":false,"pivot":{"x":0.5985775589942932,"y":-0.19509577751159669,"z":1.0147689580917359},"rotation":{"x":-0.1032397598028183,"y":-0.46149784326553347,"z":0.05449627339839935,"w":-0.8795380592346191},"size":4.685995578765869,"orthographic":false}