{"cameraMode":{"drawMode":0,"name":"Shaded","section":"Shading Mode"},"sceneLighting":false,"audioPlay":false,"sceneViewState":{"m_AlwaysRefresh":false,"showFog":true,"showSkybox":false,"showFlares":true,"showImageEffects":true,"showParticleSystems":true,"showVisualEffectGraphs":true,"m_FxEnabled":true},"in2DMode":false,"pivot":{"x":0.6184231042861939,"y":0.0011634379625320435,"z":1.0318769216537476},"rotation":{"x":0.17570875585079194,"y":-0.7180672287940979,"z":0.19529540836811067,"w":0.6446564197540283},"size":0.5886751413345337,"orthographic":false}